property,level,encoder,mean_er,ci_low,ci_high,n_seeds,level_num
missing,low,PCA,2.8448298509109,2.8052406993253998,2.8844190024964,5,0
missing,mid,PCA,3.2354414020537745,3.196284956509745,3.274597847597804,5,1
missing,high,PCA,3.386649121293769,3.3423091125698225,3.4309891300177155,5,2
missing,low,TabNet,2.186525164417758,1.8742721429368736,2.498778185898643,10,0
missing,mid,TabNet,1.3489147789772826,1.259452716896341,1.4383768410582243,10,1
missing,high,TabNet,1.7457731588147731,1.3618537879445374,2.129692529685009,10,2
missing,low,TransTab,1.8759445763227862,1.6986466709371908,2.0532424817083816,10,0
missing,mid,TransTab,2.9880882021816175,2.498351675842698,3.4778247285205373,10,1
missing,high,TransTab,3.460542605411819,2.9774036477915082,3.94368156303213,10,2
